timestamp,case_id,project_name,company_name,mode,risk_level,advice,summary
2026-03-27 21:30:16,M39773,,,矿业,高风险,谨慎,该项目位于赞比亚南方省，赋存于加丹加超群碳酸盐岩地层，具备一定萤石成矿地质背景与蚀变显示，地表样品CaF2为65%-82%显示中等至较好品位潜力；但当前仅有有限地表工作、无钻探、无系统地球物理与地球化学控制，资源量约34.8万吨属于低可信度推测，现阶段不足以支持经济可采结论。
2026-03-27 21:32:58,M39773,,,矿业,高风险,谨慎,"该项目为赞比亚Kafue地区铜矿（伴生金）勘查项目，证照为29273-HQ-LEL，面积约15,742.13ha。已实施槽探/剥离与少量钻探，圈定受NW-SE构造控制的矿化带，显示中等偏好的铜品位（平均Cu约2.14%）及一定Au伴生价值。但报告披露深度有限、资源量表缺失、经济与选冶参数不完整，且许可证有效期显示至2025-07-15，当前时点存在合规续证不确定性。"
2026-03-28 08:36:07,M79662,,,矿业,中风险,谨慎,"该项目为赞比亚Muwelwa铜矿可研阶段项目，已识别2个主要矿体，资源量约900,874吨矿石，平均品位1.78% TCu，设计年处理矿石150,000吨、年产阴极铜约2,200吨，初始矿山寿命6年。矿体为浅部、氧化程度较高的热液脉型，适合露天开采，基础设施条件较好（电力、道路、水源）。总投资约2,500万美元。整体具备一定开发潜力，但关键技术经济与合规信息不完整，且许可证有效期信息显示至2025年7月，需重点核验续证与采矿权转换进展。"
2026-03-28 09:06:39,M81552,,,矿业,中风险,谨慎,该项目位于赞比亚卢萨卡省Kafue区，已开展槽探/剥土与少量钻探（10个地表工程、6个钻孔），显示铜矿化较好，报告给出的矿体平均Cu品位约2.14%、伴生Au约0.65g/t，氧化率高（73%-99%），浅部埋深（3-85m）具一定露天开发潜力。但当前资料以早期地质描述为主，资源量/储量、选冶回收、QA/QC、经济参数与合规状态信息严重不足，不足以直接支撑投资决策。
2026-03-28 10:04:37,M81552,,,矿业,中风险,谨慎,该文档为USGS对中非铜矿带（刚果（金）与赞比亚）新元古代Roan群沉积-层状铜矿的区域资源评估报告，结论层面显示该区具有世界级铜（伴生钴）成矿潜力，并已划分多个有利成矿带（Carbonate Écaille、Ore Shale、Roan Arenite）及未发现矿床概率评估框架。但就单一投资项目而言，当前提供内容主要为报告封面与目录级信息，缺少具体矿权、资源量、品位、工程与经济参数，无法直接形成可执行并购或开发决策。
2026-03-28 11:02:58,M88289,,,矿业,高风险,谨慎,"## 结论摘要
**基于当前提供文本（封面+目录+图表清单）可得：**
- 该文件是USGS（2014）关于**中非铜带（刚果（金）与赞比亚）加丹加盆地Roan群**的“**沉积岩容矿层控铜矿**（Sediment-Hosted Stratabound Copper）”区域资源评价报告。
- 报告性质为**区域级、方法学+分区评价+概率模拟**的资源评估（目录含“Permissive Tracts”“Grade and Tonnage Models”“Probabilistic Assessment Simulation Results”）。
- 目录明确涉及多个评价区：**Carbonate Écaille、Ore Shale、Roan Arenite**。
- 目录与图件标题显示矿化核心为**铜**，并存在与**钴**相关的氧化带讨论（图5标题提及secondary oxidized copper and cobalt ores）。

## 对投资决策的直接含义
- 当前摘录不含可直接落地投资所需的关键参数（品位、吨位、边界品位、回收率、资本开支、现金成本、矿权状态等），因此**只能形成“方向性”判断，不能形成“交易级”结论**。
- 在信息缺失条件下，建议定位为：**谨慎推进下一步尽调，而非直接投资承诺**。"
2026-03-28 11:10:46,M88289,,,矿业,中风险,谨慎,"## 整体结论摘要
基于当前提供文本（**报告封面信息 + 作者与资质信息 + 目录结构**）可确认：该文件为**Khoemacau Copper Project（博茨瓦纳）**的**HKEX Competent Person Report（合资格人士报告）**，报告编号 **R357.2023**，日期 **2024-05-24**，客户为 **MMG Limited**，版本 **6.0（含签署最终版）**。

但就投资尽调最关键的定量信息（如：**资源量/储量、铜品位、回收率、现金成本、资本开支、税费参数、NPV/IRR、矿山寿命、冶金惩罚元素、精矿销售条款**）在当前摘录中均未展示具体数值。

因此，本次结论只能做“**文件结构与信息可得性层面**”判断：
- 文件体系完整，覆盖从地质、资源、储量、采矿、选冶、水文、基建、ESG到经济评估与风险机会的全链条模块；
- 项目处于较成熟阶段（目录出现“Current Operations”“First Production”“Expansion Project”“Life of Mine Study”）；
- 但由于缺失正文数据，**无法对经济可行性与资源质量作实质性正负结论**。

> 综合判定：从项目形态看具备持续评估价值，但从投资决策角度目前证据不足，建议“**谨慎**”。"
2026-03-28 11:14:10,M88289,,,矿业,高风险,谨慎,"## 整体结论摘要
**基于所给EIS执行摘要文本**，该项目为赞比亚Kasempa地区的露天铜矿开发项目（许可证号：**33005-HQ-LEL**），由Costele Mining Limited推进，Arc Enviro Consultancy编制环评文件并提交ZEMA。

### 已披露的核心积极点
- **矿种明确**：铜矿。
- **资源量（文件表述）**：约**2,880,000 吨**（文中称estimated resource/total tonnage of copper）。
- **设计采矿年限**：**20年**。
- **工艺路径**：露天开采 + 破碎磨矿 + 浮选 + 精矿干燥外运。
- **产能（文件表述）**：
  - 原矿：约**12,000 吨/月**
  - 铜精矿：约**1,500 吨/月**
- **初始投资**：约**500万美元**。

### 关键不足（直接影响投资决策）
- **无任何铜品位数据（Cu%）**，无伴生元素数据。
- **无JORC/NI 43-101等资源量分类**（Measured/Indicated/Inferred）与估算方法。
- **无地质模型、剖面、矿体连续性、构造控矿证据**。
- **无采选回收率、精矿品位、冶炼罚款元素（As/Sb/Bi等）数据**。
- **无CAPEX/OPEX拆分、现金成本、敏感性分析**。

> 结论：项目具备“可开发叙述”和基础工程轮廓，但**地质与经济评价关键数据缺失严重**，当前仅适合作为“环评与立项早期信息”，不足以支撑严肃矿业投资决策。"
2026-03-29 13:36:15,M83738,,,矿业,中风险,谨慎,文档疑似矿业相关，但结构化结果异常。建议补充数据重试。
2026-03-29 13:37:21,M84190,,,矿业,中风险,谨慎,文档疑似矿业相关，但结构化结果异常。建议补充数据重试。
2026-03-29 13:40:53,M84190,,,矿业,中风险,谨慎,文档疑似矿业相关，但结构化结果异常。建议补充数据重试。
